gameweek,expected,actual
2,45.224998474121094,70
3,51.38075304031372
