gameweek,expected,actual
2,45.224998474121094,70
3,51.38075304031372,47
4,47.68128728866577,51
5,35.36318588256836,
